{
    "resolution": {
        "width": 1280,
        "height": 800
    },
    "cameraIntrinsics": {
        "rows": 3,
        "cols": 3,
        "type": 6,
        "data": [
            896.2824612,
            0,
            586.3698136,
            0,
            894.4047381,
            385.9367145,
            0,
            0,
            1
        ]
    },
    "distCoeffs": {
        "rows": 1,
        "cols": 8,
        "type": 6,
        "data": [
            -0.04476597698,
            -0.1404835408,
            0.0006224847144,
            -0.0007904843716,
            -0.1193055175,
            -0.06773484334,
            -0.1166363578,
            -0.09150312466
        ]
    },
    "observations": [],
    "calobjectWarp": [],
    "calobjectSize": {
        "width": 0,
        "height": 0
    },
    "calobjectSpacing": 0
}