{
    "resolution": {
        "width": 1280,
        "height": 800
    },
    "cameraIntrinsics": {
        "rows": 3,
        "cols": 3,
        "type": 6,
        "data": [
            917.0300175,
            0,
            588.0564734,
            0,
            920.487242,
            351.6683526,
            0,
            0,
            1
        ]
    },
    "distCoeffs": {
        "rows": 1,
        "cols": 8,
        "type": 6,
        "data": [
            0.05354250975,
            -0.089830664,
            -0.0104384456,
            0.0005975021425,
            -0.00530641794,
            0.008493407608,
            -0.02085349681,
            -0.0231534286
        ]
    },
    "observations": [],
    "calobjectWarp": [],
    "calobjectSize": {
        "width": 0,
        "height": 0
    },
    "calobjectSpacing": 0
}