{
    "resolution": {
        "width": 1280,
        "height": 800
    },
    "cameraIntrinsics": {
        "rows": 3,
        "cols": 3,
        "type": 6,
        "data": [
            912.2116952,
            0,
            692.1371154,
            0,
            915.1679383,
            366.7234499,
            0,
            0,
            1
        ]
    },
    "distCoeffs": {
        "rows": 1,
        "cols": 8,
        "type": 6,
        "data": [
            0.03737850018,
            -0.02297571073,
            -0.005063510183,
            0.002230179967,
            0.01113483094,
            0.0008442997543,
            0.02264821107,
            0.01895581582
        ]
    },
    "observations": [],
    "calobjectWarp": [],
    "calobjectSize": {
        "width": 0,
        "height": 0
    },
    "calobjectSpacing": 0
}