{
    "resolution": {
        "width": 1280,
        "height": 800
    },
    "cameraIntrinsics": {
        "rows": 3,
        "cols": 3,
        "type": 6,
        "data": [
            908.8577053,
            0,
            584.1623519,
            0,
            910.8600036,
            378.8897369,
            0,
            0,
            1
        ]
    },
    "distCoeffs": {
        "rows": 1,
        "cols": 8,
        "type": 6,
        "data": [
            0.03520205114,
            -0.03270803617,
            -0.001104368495,
            0.0006869229644,
            0.01827818764,
            -0.003708791753,
            0.02394404177,
            0.01371476301
        ]
    },
    "observations": [],
    "calobjectWarp": [],
    "calobjectSize": {
        "width": 0,
        "height": 0
    },
    "calobjectSpacing": 0
}