{
    "resolution": {
        "width": 1280,
        "height": 800
    },
    "cameraIntrinsics": {
        "rows": 3,
        "cols": 3,
        "type": 6,
        "data": [
            913.7757705,
            0,
            613.8978795,
            0,
            915.0177727,
            366.5508873,
            0,
            0,
            1
        ]
    },
    "distCoeffs": {
        "rows": 1,
        "cols": 8,
        "type": 6,
        "data": [
            0.04740769736,
            -0.03306981112,
            0.004090175446,
            -0.003238796262,
            0.006347212005,
            0.001913365497,
            0.03134509282,
            0.01812647853
        ]
    },
    "observations": [],
    "calobjectWarp": [],
    "calobjectSize": {
        "width": 0,
        "height": 0
    },
    "calobjectSpacing": 0
}