{
    "resolution": {
        "width": 1280,
        "height": 800
    },
    "cameraIntrinsics": {
        "rows": 3,
        "cols": 3,
        "type": 6,
        "data": [
            897.6040878,
            0,
            629.8345858,
            0,
            899.9714864,
            353.1983479,
            0,
            0,
            1
        ]
    },
    "distCoeffs": {
        "rows": 1,
        "cols": 8,
        "type": 6,
        "data": [
            0.01706177304,
            -0.04543694458,
            -0.003518502885,
            0.001517519145,
            -0.04078007899,
            -0.01720665309,
            -0.02185770976,
            0.001136186189
        ]
    },
    "observations": [],
    "calobjectWarp": [],
    "calobjectSize": {
        "width": 0,
        "height": 0
    },
    "calobjectSpacing": 0
}