{
    "resolution": {
        "width": 1280,
        "height": 800
    },
    "cameraIntrinsics": {
        "rows": 3,
        "cols": 3,
        "type": 6,
        "data": [
            922.3307637,
            0,
            545.8559487,
            0,
            925.5583843,
            358.3191596,
            0,
            0,
            1
        ]
    },
    "distCoeffs": {
        "rows": 1,
        "cols": 8,
        "type": 6,
        "data": [
            0.04341949355,
            -0.06294191445,
            -0.01086473599,
            -0.01017779053,
            -0.005642151421,
            -0.01803647995,
            -0.03085266686,
            0.01902503423
        ]
    },
    "observations": [],
    "calobjectWarp": [],
    "calobjectSize": {
        "width": 0,
        "height": 0
    },
    "calobjectSpacing": 0
}